promoter_name,promoter_tssPosition,promoter_genes,promoter_genesTSS,promoter_sequence
wrbAp,1067758,wrbA;yccJ,50,ataaatcaaataagtggttgtgaaatttgcactctgaaaaggacgtcttatctttaaataAgtggtagcgaatcgctacgg
puuDp,1361052,puuD;puuR;puuC;puuB;puuE,68,atgtttgtcaaatgttaaattgagtttgcaaaaatgaaaacccactgctagattgaaaaaAtattgaacataaaggtcatt
ynfBp,1655709,ynfB;speG,99,aaaatagtaacgttgttttaatcatctttgtctcttattgacatcatgtatagttataggGcgacataatatcatcaatat
sodCp,1724679,sodC,24,gtaagcacttttaggaatagccgccgttcaaaaatgtgtcactggtttacacttattcagGaatgcacaatgaacggaggt
csrAp3,2819273,csrA,127,aacgctatcgacaacgataaagtcaggttgaagttgtgtatatcggctaaacttaggtttAacagaatgtaatgccatgac
dkgAp,3156571,dkgA,52,cccgctaagctttttacgcctcaaactttcgttttcgggcatttcgtccagacttaagttCacaacacctcaccggagcct
ravAp,3931128,ravA;viaA,35,aaataccccccctttgagactattttagccaccagcaagaaacgtctatactcgcaatttAcgcagaacttttgacgaaag
ydhYp,1754642,ydhY;ydhV;ydhW;ydhX;ydhU;ydhT,165,tgtaattttaattgataacgatcaatgttaagggctcagaataatcacattattttttctCctaaccataaaggattagtt
artPp1,903815,artP;artI;artQ;artM,81,ccgcccccgttattttgtgctatgtttattgaataatgcgctttgcttttaacttttaaaGcagaaatattgcataattat
artPp2,903836,artP;artI;artQ;artM,81,gacatttatgctcgccgaccaccgcccccgttattttgtgctatgtttattgaataatgcGctttgcttttaacttttaaa
artPp3,903843,artP;artI;artQ;artM,81,gaatgccgacatttatgctcgccgaccaccgcccccgttattttgtgctatgtttattgaAtaatgcgctttgcttttaac
ybgAp2,738920,ybgA;phr,81,cagctatggttagaaactacctgacgtcagtccttgcggggagcaggctttcgtaaatttGtcctgctacaacaggattaa
ecnBp,4376509,ecnB,44,ttctcttccgaaaaatcatcagattcccatcatttttggcgatgttgtctattattaattTgctataggcaaacataaata
tolCp4,3178074,tolC;ygiB;ygiC,41,ggcacgtaacgccaaccttttgcggtagcggcttctgctagaatccgcaataattttacaGtttgatcgcgctaaatactg
puuAp,1360968,puuA;ymjE;puuP,60,tcatttttgcaaactcaatttaacatttgacaaacatttagtttgcatacagattcgaatGgtggtcattatattttacgc
hofMp,3522928,hofM;hofN;hofO;hofP,177,ttaatgtcgccacatccggcagttgtggctcgatgtagcggtataggccataaatcgagcCtgctcccagcagaatgcaac
yddGp,1547205,yddG,36,gcggtagaaaaacgcaccactgcctgacaggccagttaaaaaaatgctataaaattcagcTtaatttttaacggcaagaga
blrp,1704512,blr,39,atcgcaaaaacctcagtaaaaatcttgctggagctattattgctaagtaacatttaccccCtgaagttaatggatcaatca
yjcCp,4275418,pdeC,53,atttcaaatcaggcaaaagtgctatttataccgtaagatttatctaaagacgtcggtaccCagggttttcaccttgcaatg
dkgBp,229098,dkgB,69,tttttttcgtctgtatatctattattgccagaatcgcaaaaatcctctgcattttacgctCtttttcctcaacagtctgaa
astCp3,1832039,astC;astA;astD;astB;astE,57,tccgccgtttatgcacttttatcactggctggcacgaaccctgcaatctacatttacagcGcaaacattacttattattaa
ldcCp,,ldcC,,
uspBp,3639848,uspB,128,gaatatattgatagtggttaaccttctggaaaaaaaacaacctgatctcctacactatctAtagagccgctcgtatgttgg
yihGp,4046652,yihG,50,attttttctaatgtggatagatatgaattatttttctccttaaggatcatccgttatttgGgtcgttttctgctaaaatct
gadXp,3665839,gadX;gadW,29,tttaaatttatttatcaatcaatttgacttaagagggcggcgtgctacattaataaacagTaatatgtttatgtaatatta
narUp2,1544163,narU,103,tctggctacttaatccccattctgcccccgcggttacgctttcttatctattctttcaatCagcacttcacccaattcatc
glsAp,511573,glsA;ybaT,68,ggattagacatttatctctttgttttcctgtagttaagttgcgggtgctaagttaaatcaGgatgcctgaaaatcggcacc
patAp,3219458,patA,36,gtgtttatcccgattttcgcgatcgcagccggagtggcgcaatccctgcaatacttaaatCggtatcatgtgatacgcgag
pcnBp4,159391,pcnB;folK,265,aagtgccagattacattcatctgccgctggcgcttaatccacaaggcgctaaactttccaAgcagaatcatgcgcctgcgt
luxSp1,2815065,luxS,332,tgcttcgataatcccgatctgactttctctgcccgtatcttaaggtctatgattgatactGgtattggcggaacaggcaaa
yhiMp,3634743,yhiM,98,tggccttttgaacgctgaaaagtagcgctctgcaaagtaaaccccgctatagttatgctaTgcatttgtctttaatgatat
hdfRp,3948021,hdfR,54,cacgctcctaattctttgaccgagctagttatggcgcggagtattagttacgcttgacagAgtgtaaaacaaaacatttaa
cbpAp2,1063828,cbpA;cbpM,53,tttcaataacatattctgtgttggcatatgaaattttgaggattaccctacacttataggAgttaccttacaggggttcct
nhaAp2,17317,nhaA;nhaR,172,tacttttcctaattaatccctcaggaatcctcaccttaagctatgattatctaggcttagGgtcactcgtgagcgcttaca
srap,1556046,sra,83,acgatcaattatgtggtcagtggccagcaccctacgctttaaggtgctatgcttgatcggCaacctaatttaggggtttag
csiDp,2788927,glaH;lhgD;gabD;gabT;gabP,58,ataagaaaacaatatgtcgcttttgtgcgcatttttcagaaatgtagatatttttagattAtggctacgaaatgagcatcg
pdeRp,1346843,pdeR,101,tttttaactgactttcgtttgaaaactggcgtttttccaaaactggattacaaataaataTataaaaaaaacaatgcgttt
ybiIp6,838484,ybiI,28,tggtcggagatctgatgcttgaactgcccgagttcgtccctggattagctacacttaactGtacaagtattgatatgggga
ydbKp4,1440846,ydbK;ompN,62,cgctgatgtgggggacacaaaagcgaaaatgcagaagaaagccatttgctaaaattgaaaGattactactgggcgcgcagc
kbpp4,2796814,kbp,28,attaaacctgtgctcatccccgcggcgttaacgcgccgcgttcctctgctacactttctgAgtgtttccgttaacgaatga
puuCp,1362728,puuC;puuB;puuE,1691,catacggcccggggatctctgcgccctgacgttcacaaactgcatatatctgatagacgtGaaacaggagtcataatgaat
treFp,3669551,treF,41,aacgtgatccaccgcacgctttgtcgcccaccaggcggagcgaatgactacccttaaagaAaagccgataattagcgacga
yciTp,1344510,yciT,164,gatattgtgttagatatccttgtggcaggcgattaccactctgcgatccataatctcgagAtacttaaagcagaactcttg
yffOp,2562053,yffO;yffP,58,acgccaaaattagcgctgaattaatgggtaattattgcggtttttgtcaattttcaacctCaattcttgcgaaaaatggca
insC-5p,3186040,yqiG;insC5;insCD5;insD5;yqiH;yqiI,,gttcgcccggccacatcattaacggattaatgataagtggatcagatgtataaaaaattaAaattaaccacaataagcgaa
insN-1p,270226,insN;insI1,,tttgctaagagcttcattcatgaatccttttcactagggatgaagtggtttactgaatttGgccacctgaacagaggtgat
araFp2,1986148,araF;araG;araH,20,aatgctttgttttccgattaatttaacgaatgtcattcgtttttgccctacacaaaacgaCactaaagctggagagaacca
ppkp,2622977,ppk;ppx,67,attcacctgtaaatcgcaagctccagcagtttttttcccccttttctggcatagttggacAtctgccaatattgctcgcca
appYp2,583656,appY,25,gcacatcatcctgattatgattgtgtatttaattggttgttatttgactactatcaacttGttttaattttatgataggtg
gpmMp2,3785187,gpmM;envC;yibQ,73,gacgaaaaaaaagcgtaaatctggcatcggcttgccgcgagcggtcgtatattttgatctTcagaggctattttatcgatt
ddpXp2,1563201,ddpX;ddpA;ddpB;ddpC;ddpD;ddpF,125,tacgattccgggagattccttccttaacttcccctcttgcaccaaaactgcactacgctgCacaaatgttgatcaaaagtt
ddpXp3,1563249,ddpX;ddpA;ddpB;ddpC;ddpD;ddpF,125,gggttttcatttaacgtgacactgtcacttaaatactgtgatttcagctacgattccgggAgattccttccttaacttccc
yjiYp,4591367,btsT,88,aaataaccactcagttatttaccttactttacgcgcgcgtaactctggcaacatcactacAggatagcggtcaatttacct
ydcSp1,1511599,ydcS;ydcT;ydcU;ydcV;patD,55,gaataaattttctcaggggcgaaggtgtgcctgcaagccgccgtctatggttaaacaaggAgatatttttacggcacggcg
bsmAp,4416869,bsmA,99,atgacatgaagaaatccttagcacaagtttctgctggcggtattagttcataatgttgagAtgtgggttacgctttcgtca
sdsNp2,1996880,sdsN,41,ccttatcctgcatagtaaaccgcaacgcccctgagagtgagtatcatttataatgataatTcaaactatcacataaataag
sdsNp1,1996921,sdsN,41,tatcatttataatgataattcaaactatcacataaataagatttatatataatttatattAttcaggcaatgaattacttt
rseDp3,2710230,rseD;rpoE;rseA;rseB;rseC,66,ttactggctggtggaggattaggtggtgaaataaaaaggccgttgggttactcttcaggcAgttaaatgggcatttctaca
pykFp4,1755600,pykF,98,ggctgagacacaagcacacattcctctgcacgctttttcgatgtcacctatccttagagcGaggcaccaccactttcgtaa
micFp2,2313084,micF,,aagtatttgacagcactgaatgtcaaaacaaaaccttcactcgcaactagaataactcccGctatcatcattaactttatt
ycgZp2,1215752,ycgZ;ymgA;ariR;ymgC,37,gcaaaaaattaatttatcattctgtacacatatttcgtacaagtttgctattgttacttcActtaacattgattaacattt
murRp2,2545793,murR,184,gcacatttccagcgtcgatacgcggtcaatttcagccgaggcggtgttcgagccttcagtAatcatcttttcaaattgcat
mnmGp2,3925674,mnmG;rsmG,41,atacccaggatcccaggtctttctcaagccgacaaagttgagtagaatccacggcccgggCttcaatccattttcataccg
ymiCp,1335424,ymiC;acnA,148,aatgttccgtcgttattccagacgactggcaactaacatcgcagcagcaagcctttatagAactgtttgctgaagatgatc
glkp2,2509461,glk,35,ttacagggagcctgcctttccggcgttgttgttatgcccccaggtatttacagtgtgagaAagaattattttgactttagc
hyaAp2,1031984,hyaA;hyaB;hyaC;hyaD;hyaE;hyaF,155,aaaagataaatccacacagtttgtattgttttgtgcaaaagtttcactacgctttattaaCaatactttctggcgacgtgc
ssrSp,3055759,ssrS;fau,224,gcagcggacgatctgaaccaacggttgcaagatctgaaagaacgcactagagtcacaaatActgaacagttggtcttcatt
pykAp,1937544,pykA,105,ttgataagcagttacttaatttaagtgacgatcgctaaaaacgactgtcactgtcctaatCttatacgacatccgaatgag
galEp,792081,galE;galT;galK;galM,26,gattccactaatttattccatgtcacacttttcgcatctttgttatgctatggttatttcAtaccataagcctaatggagc
adhEp,1298413,adhE,292,ttgttatctagttgtgcaaaacatgctaatgtagccaccaaatcatactacaatttattaActgttagctataatggcgaa
gltBp2,3354509,gltB;gltD;gltF,216,acatttctgtaccaataagcttgccatttgacctgtatcagctttcccgataagttggaaAtccgctggaagctttctgga
araFp3,1986238,araF;araG;araH,20,aattctgcgatgtgatattgctctcctatggagaattaatttctcgctaaaactatgtcaAcacagtcacttatcttttag
cyaRp3,2167114,cyaR,,tggaaaattcttagaaaccgatcacatacagctgcatttattaaggttatcatccgtttcGctgaaaaacataacccataa
pqiAp,1011659,pqiA;pqiB;pqiC,342,gaagccgccgcggcaaaagcagaaactgtaaaacgcagcagtagcaaactaagctataaaTtgcagcgcgaactggagcag
dnaNp,3882733,dnaN;recF,412,aacgacattcgtttgccgggcgaagtggcgttctttatcgccaagcgtctacgatctaacGtacgtgagctggaaggggcg
metKp2,3086577,metK,129,gattcaaaaaaaagtggaaatagggtgaagaattgacctaaaatagccatccagatgttaAtccatccataccgattaaca
enop5,2908152,eno,211,tctgcgcgttgcgggccgttccggggatgatcagttggtcgagatcatcgaagttccgaaTcacccgtggttcgtggcttg
sgrSp2,77367,sgrS;sgrT;setA,,gaactcctgtgcaaaagacagcaattttattttccctatattaagtcaataattcctaacGatgaagcaagggggtgcccc
aidBp2,4414247,aidB,28,gataagaatgttttagcaatctctttctgtcatgaatccatggcagtgaccatactaatgGtgactgccattgatggaggg
arrSp2,3658054,arrS,,caagaataagttatcaataaccagtttgtgatctctgaagaatattactaaagttaaaatGtaatccgatttaaatatcga
cbpAp,1064037,cbpA;cbpM,53,ttccaggcctgtttcaaataattatttgcagtgcaactaattccatgtatattactacccAtatatagcgtctataaaatt
dnaNp5,3882348,dnaN;recF,412,gccgtaagatcgagcagttgcgtgaagagagccacgatatcaaagaagatttttcaaattTaatcagaacattgtcatcgt
csiEp2,2665401,csiE,34,cttgccaacatttctgatgattagcattcccttcgccatttccttgagcaaactttagctAttcttatcaattatgcttat
dpsp2,848950,dps,39,attagtgtgataggaacagccagaatagcggaacacatagccggtgctatacttaatctcGttaattactgggacataaca
csgDp,1103335,csgD;csgE;csgF;csgG,139,tagttacatgtttaacacttgatttaagatttgtaatggctagattgaaatcagatgtaaTccattagttttatattttac
rhaSp2,4097711,rhaS;rhaR,25,tacgtggttttccgtcgaaaatttaaggtaagaacctgacctcgtgattactatttcgccGtgttgacgacatcaggaggc
tpiAp,4111569,tpiA,62,ggtttgaataaatgacaaaaagcaaagcctttgtgccgatgaatctctatactgtttcacAgacctgctgccctgcggggc
pstCp2,3910542,pstC;pstA;pstB;phoU,144,cggggctaaacaggcgaacgacctggattacgccagcctgccggatagtgtagttgaacaGgttcgcgctgcgtggaagac
poxBp2,911076,poxB,27,ttagtgcctcctttctctcccatcccttccccctccgtcagatgaactaaacttgttaccGttatcacattcaggagatgg
gyrBp2,3880150,gyrB,31,atagacatgtcggacgaaaattcgaagatgtttaccgtggaaaagggtaaaataacggatTaacccaagtataaatgagcg
proVp,2804563,proV;proW;proX,252,taattcccgccaaatagctttttatcacgcaaataatttgtggtgatctacactgatactCtgttgcattattcgcctgaa
gorp2,3646112,gor,187,aactggcggtactgccagacagcgatcgccgtggcatgaccgcttccggcatgattgtgaTtaacccgccgtggaaactgg
murQp,2545733,murQ;murP,40,tgcgagtgtagactcaatgattcctttaagcctgtcaattcgggatatatgattccatacAtctgcaattatttgatcgta
mplp,4455728,mpl,57,ctcaatgttgcgctcaggtgaatcgcgccagcaaattacggattatcctgaaatgcgtttCtcacttgcccgacatatgcg
pstSp2,3911568,pstS;pstC;pstA;pstB;phoU,43,tcataaaactgtcatattccttacatataactgtcacctgtttgtcctattttgcttctcGtagccaacaaacaatgcttt
dinBp2,250880,dinB;yafN;yafO;yafP,18,cgcgttaaatgctgaatctttacgcatttctcaaaccctgaaatcactgtatactttaccAgtgttgagaggtgagcaatg
rpoHp2,3601003,rpoH,220,acggtacaacatttacgccactttacgcctgaataataaaagcgtgttatactctttcccTgcaatgggttccgtagcagg
pykAp3,1937494,pykA,105,attcagagataacttgaagcgggtcaaagaagcgctgaaggaatcgcgttttgataagcaGttacttaatttaagtgacga
csrAp,2819373,csrA,127,tacctgcagcgttagccagtgtgaaaggctgggtcagcgcgaaattgcaataatataagcGtcaggcaatgccgtggactc
pdhRp2,122034,pdhR;aceE;aceF;lpd,58,ttcatgatttcaatcaaaacctgtatggacataaggtgaatactttgttactttagcgtcAcagacatgaaattggtaaga
topAp,1330789,topA,259,cacgctggtggcaagagcgccttactggcaactttggattttgcatgctaataaagttgcGtatcggattttatcaggtac
csgBp2,1103859,csgB;csgA;csgC,92,aagaaaaatacaacgcgcgggtgagttattaaaaatatttccgcagacatactttccatcGtaacgcagcgttaacaaaat
frdAp2,4382412,frdA;frdB;frdC;frdD,94,taaaaaaatcgatctcgtcaaatttcagacttatccatcagactatactgttgtacctatAaaggagcagtggaatagcgt
xapAp2,2524910,xapA;xapB,32,tattgaatgcgtgagaaaagtgtattggtaagagccgggacaacctcgctataaaaaggcGttagattccaccctacagaa
ompFp2,987092,ompF,110,ctttatctttgtagcactttcacggtagcgaaacgttagtttgaatggaaagatgcctgcAgacacataaagacaccaaac
osmBp,1343369,osmB,41,gcgcgagcagatttcacggaataatttcaccagacttattcttagctattatagttatagAgagcttacttccgtgaatca
gadBp2,1572072,gadB;gadC,27,tatttaaacacgagtcctttgcacttgcttactttatcgataaatcctacttttttaatgCgatccaatcattttaaggag
gpmAp3,787670,gpmA,75,tgcaactcaatattcacaacaaccttacactgcgccactattttcgctatggttatgcgtAagcattgctgttgcttcgtc
osmYp2,4611153,osmY,243,ttgcttatgttttcgctgatatcccgagcggtttcaaaattgtgatctatatttaacaaaGtgatgacatttctgacggcg
ilvYp2,3957867,ilvY,47,gtttgcgagattgaattcactatatgacaggaaatttattgcggaaattgatatattcacAacgtcacattgcaatttttg
pfkAp,4107474,pfkA,78,accgccatttggcctgacctgaatcaattcagcaggaagtgattgttatactatttgcacAttcgttggatcacttcgatg
pstBp2,3908556,pstB;phoU,2176,ttaccctgtgcgtactgctgctgaacattctggcgcgcgttgtttttgcgaagaataaacAcggttgatattgctgacacg
gabDp,2791172,gabD;gabT;gabP,2346,ggcagcgacatcagcaattcctattggtgcgcatattgtcagcaaggtacaaacgctgttGgcaagccagagtaaccccgg
pfkAp3,4107522,pfkA,78,tactatttgcacattcgttggatcacttcgatgtgcaagaagacttccggcaacagatttCattttgcattccaaagttca
acsp,4287391,acs;yjcH;actP,20,atactaaacaaaactgccaatacccctacatttaacgcttatgccacatattattaacatCctacaaggagaacaaaagca
hdeAp2,3656791,hdeA;hdeB;yhiD,51,tctgattttgatattttccatcaacatgacatatacagaaaaccaggttataacctcagtGtcgaaattgattcgtgacgg
alkAp2,2147559,alkA,19,tcgcgacaaccggaatatgaaagcaaagcgcagcgtctgaataacgtttatgctgaaagcGgatgaataaggagatgcgat
pykFp5,1755663,pykF,98,gcaccaccactttcgtaataccggattcgctttccggcagtgcgcccagaaagcaagtttCtcccatccttctcaacttaa
pcnBp,159171,pcnB;folK,265,cgagtcggcaattgtaaattcaacattctcaaatgcgtcatgctgagctatgattagccgCtatttttttgtcctgaatga
ynfEp2,1658003,ynfE;ynfF;ynfG;ynfH;dmsD,66,tcatacccttctattgatatggattaataattcttaacccaaaatgggtagactccctctAttgttagcgcgctaaatatt
adap2,2310427,ada;alkB,22,aaaaattaaagcgcaagattgttggtttttgcgtgatggtgaccgggcagcctaaaggctAtccttaaccagggagctgat
mlrAp2,2214840,mlrA,26,tagatgcacaaaaaacgggcaaaactacctggttcgcaaaactgcgtctaaagttaaaccGggacctcgcgagcaagggtg
glkp3,2509447,glk,35,cctttccggcgttgttgttatgcccccaggtatttacagtgtgagaaagaattattttgaCtttagcggagcagttgaaga
cfap,1741201,cfa,212,tacttaggctgctaacaaaattttgttgtatgattgaaattagcggcctatactaatttcGagttgttaaagctacgataa
gpmAp4,787632,gpmA,75,tattttcgctatggttatgcgtaagcattgctgttgcttcgtcgcggcaatataatgagaAttattatcattaaaagatga
sohBp,1329284,sohB,48,aaatggatactttgtcatactttcgctgcaataacatctctgcgagacggcttaacatgcCtgttgtaaactgtgagccaa
aceEp2,122969,aceE;aceF,983,aaagcgcggcaactaaacgtagaacctgtcttattgagctttccggcgagagttcaatggGacaggttccagaaaactcaa
mglBp2,2240566,mglB;mglA;mglC,218,cgctttcaatctgtgagtgatttcacagtatcttaacaatgtgatagctatgattgcaccGttttaacgttgtaacccgta
csgDp3,1103344,csgD;csgE;csgF;csgG,139,agttacatttagttacatgtttaacacttgatttaagatttgtaatggctagattgaaatCagatgtaatccattagtttt
pqiAp3,1011666,pqiA;pqiB;pqiC,342,ccgcggcaaaagcagaaactgtaaaacgcagcagtagcaaactaagctataaattgcagcGcgaactggagcagctaccgc
pgip2,4233722,pgi,36,acattacgctaacggcactaaaaccatcacatttttctgtgactggcgctacaatcttccAaagtcacaattctcaaaatc
gapAp,1862735,gapA,36,gtcgcaatgattgacacgattccgcttgacgctgcgtaaggtttttgtaattttacaggcAaccttttattcactaacaaa
mtnp2,179183,mtn;btuF;yadS,30,gtgccatgtcctctcccgcgtgagaaatacgcttccccgtaagcgcatggtaaactatgcCttcaaatcgggcttatcgcg
appCp2,1037710,appC;appB;appX;appA,30,ggcgaatacctctggtcgtagagtttcaggataaagagggagatctaccattatcgggttAtttttctctcttcgcctaca
oxyRp2,4158457,oxyR,33,tgagcaattatcagtcagaatgcttgatagggataatcgttcattgctattctacctatcGccatgaactatcgtggcgat
dnaNp6,3882590,dnaN;recF,412,tgaggcgctgcgcgacttgctggcattgcaggaaaaactggtcaccatcgacaatattcaGaagacggtggcggagtacta
gadAp2,3667607,gadA;gadX,27,tatttaaattaagcctgtaatgccttgcttccattgcggataaatcctacttttttattgCcttcaaataaatttaaggag
enop8,2907968,eno,211,gtaaaaaagttagagcggcaacgcgtaccctgggtacgcgttgtttgtctggagtttcagTttaactagtgacttgaggaa
ftsQp,102867,ftsQ;ftsA;ftsZ,288,tactcggtgaagaaattttaccgtcaatacgtattcaaccgtccggaaccttctatgattAtgaggcgaagtatctctctg
epdp2,3073823,epd;pgk;fbaA,132,aatgtcttcttcggctggacaaacattccttttattccacgtttcgcttatcctagctgaAgcgtttcagtcgattaaatg
asrp2,1671327,asr,49,gttacacgctgaaaccaaccactcacggaagtctgccattcccagggatatagttatttcAacggccccgcagtggggtta
hdeDp2,3656960,hdeD,35,taggaaatttttattaaatcgactgcattcttagacgcgtttttggcatagattgatagcAggggattttcttcttaattt
ihfBp2,963749,ihfB,79,tttattccgaagtttgttgagtttacttgacagattgcaggtttcgtcctgtaatcaagcActaagggcggctacggccgc
cpxRp2,4105686,cpxR;cpxA,16,gggggtgtaaaacaacgtaaagtcatggattagcgacgtctgatgacgtaatttctgcctCggaggtatttaaacaatgaa
osmEp2,1822283,osmE,27,aagcggagccgtttcgttcacgggcttgaaaaagcgcccaatgtattccaggcttatctaAcacgctgataaacaagagga
bolAp,454434,bolA,38,aacctaaatatttgttgttaagctgcaatggaaacggtaaaagcggctagtatttaaaggGatggatgacatctcagcgtt
znuAp,1942661,znuA,78,gaggacgcggcgttggccaaaagaaaccgagacattttccagggaaaccagacttgtcatGttaattttagtcttgcagta
gabDp2,2790912,gabD;gabT;gabP,2346,gagattttgggctcgtcggggattcgccgggtgctgcaaaaccatctacgctcaggactgGgcgagatgaaaaactcgctg
gadEp1,3658242,gadE;gadF,124,ttaggatcaatatatggagtgcgtgatggataaatctgaagtattgattagtgttaatagAcgtattagttcacgaagggt
osmFp1,2219523,osmF;yehY;yehX;yehW,42,attctgcaactgaatccttccgctcaagctaaccccgccattatcaactatgcttttctcTtaattcgctgaaaacaacag
gadEp2,3658345,gadE;gadF;mdtE;mdtF,124,atattgaacaacgattcggacaaggatgtaaataatgaaaaggatgacatattcgaaacgAtaacggctaaggagcaagtt
gadYp,3664864,gadY,,atagcttatgtttataaaaaaatggctgatcttatttccagtaaaagttatatttaacttActgagagcacaaagtttccc
talAp1,2578588,talA;tktB,78,ctataacactgatgttacctgcttaatccagcaataccatgcctgtctgctatgctttttTgatgcgtttagcgaaatttc
tktBp,2579308,tktB,1048,gtggtggaagaagatccgggcgttaaatcggtgcgcaatatctacgactactataagcaaCaccactatgaaaccattgtg
evgLp1,2483641,evgL;evgA;evgS,88,tccctgattttattgttgacatttcatttatgccgactatttatatggtatacttgtcgaAttatcttaaaggaagctcag
otsBp2,1982442,otsB;otsA,55,taacggttggctgttcttcgttgcaaatggcgacccccgtcacactgtctatacttacatGtctgtaaagcgcgttctgcg
lsrAp,1601460,lsrA;lsrC;lsrD;lsrB;lsrF;lsrG;tam,30,atatgtgcaatgtccacctaaggttatgaacaaattaaaagcagaaatacatttgttcaaAactcacctgcaaaactgaac
mdtAp,2153979,mdtA;mdtB;mdtC;mdtD;baeS;baeR,37,ccagacagtgtttcataattcctccatttttctcccttattggctggctacactagtatcAttccgcgaaacgtttcagga
dhaRp,1251003,dhaR,63,tagcccaaattatgtttcatagtgaaacatatgctttaatgaatgttccatattgaaactTttacgtgtattaatacttaa
dhaKp,1250944,dhaK;dhaL;dhaM,106,aaagtttcaatatggaacattcattaaagcatatgtttcactatgaaacataatttgggcTaattttcttttcccttgcct
talAp2,2578570,talA;tktB,78,aatgttttggtaataatcctataacactgatgttacctgcttaatccagcaataccatgcCtgtctgctatgcttttttga
yiaGp,3719431,yiaG,47,agccagagcatgccctgacttcaccccgctgtgtctgcttttcccgactattcttaatgaGcttcgatgcaattcacgatc
ytfKp1,4439511,ytfK,76,ctttaggtaaaaaaagttatacgcggtggaaacattgcccggatagtctatagtcactaaGcattaaaatttgcgcctcat
ansPp1,1526011,ansP,31,gaataatggtgataactatcatcgccaggatgaataaacattgttcatggcaacttatatGactttttcattaaagcaatc
ansPp2,1526020,ansP,31,acccataaagaataatggtgataactatcatcgccaggatgaataaacattgttcatggcAacttatatgactttttcatt
msyBp,1114213,msyB,32,atcgaactgatttttcgcctttcatacttgcaaaagcggagaatcagctatccttttcccTgaaacctcatcaactcaaag
pfkBp2,1806323,pfkB,47,atatttatctgcaaaattttaaataaagctccaataaatcatattgttaatttcttcactTtccgctgattcggtgccaga
ybjPp,904523,ybjP,56,ccttgtttgctaagccttcgatctcaaaagcattatcagactgatacgctattattgaaaGgatatcattattatcgtaga
yggEp1,3068126,yggE,46,ccttgttcagttaggcgctatctgatggaaaaataaaacagaggcgctaagcttgcctccAgaggtcctgaattttgggca
yggEp2,3068185,yggE,46,atgtgttatgtggtttattgccttgcagctggcgagagacggtattgctcatgcacaagcCttgttcagttaggcgctatc
rssBp,1290220,rssB,22,ttatctacacttaagttaattctgacaggcgcaggtggcaatagcatgccactattgagtAaagccagtcaggggagagaa
rssAp,1289106,rssB;rssA,22,atcaggtgcaaccttttcaccagacacataagggtggcaacataggctatactcgacagcActaccacagggacaaagctg
fbaBp,2178667,fbaB,103,gcgctaacattttttctgatgaatcgagccaacagaaaacgctgaaaaaacatccaaaagAtggaaaaactcgcccgtaac
yciZp,1344638,yciZ;yciT,29,gataattagccgttgctgttaaacacttctcttttagcggcaatttttgcattattcattTtcccccttttgctataagga
adrAp,403687,dgcC,16,tacgaaaatggctcacccgaaatatcatacttctgcctttagctccgtctctataatttgGgaaaattgtttctgaatgtt
yciGp,1316092,yciG;yciF;yciE,57,ccctctatcttctcgttgcgcttaatttgactaattctcattagcgactaattttaatgaGtgtcgacacacaacactcat
rraAp,4119358,rraA,28,caaatatcaattaacaattgatgattttgccaacagcccacatagcgcgatatactgaaaAttctcgcagcaactgaatgt
hchAp2,2035630,hchA,205,tccacagcactaaatctctccccgccaccccgtacctctgataatggtctaaaatcattgAagccacttgcgacgacgttg
ryjAp,4278066,ryjA,,tgcggttaaaaagtatacttttacactggcgaagaaacgtcggtgacatacaattaaagcAtcaacaccaaccggaacctc
sdsRp,1923207,sdsR;pphA,,tttttattgaccattttgcacgcaaactggaaaacctggcgtcgtcatctattcttaaagGgcaaggcaactaagcctgca
elaBp,2381053,elaB,26,ttgggatggcacgcgaggtaattcaggcgtaatcaacaacccttgtctatagttagtgacAggttttacgcaaatggagaa
tamp,1607221,tam,5886,gcctataaagatgaagacgcagtggcgttccataaaaccacgccccactacaaaacctgtGtcgcgaaactggaatcttta
yhjGp,3678412,yhjG,62,tttcacgcccggcaccgatagaaacgctgaatacggcggttctggcgctataagctgcctCattttccgcctggctggact
ydbDp,1475066,ydbD,78,ggagaatatggctgctgaaaaattgcatctttctgaggaagtgttgtctacgttggatggTatttcgcgagaataacgaat
yabIp,71271,yabI,80,gtttcgtgccggttgtgaagaaaaagtgaatgatgtagccgtcaagttgtcataattggtAacgaatcagacaattgacgg
fadLp,2461205,fadL,101,tttgaaaaaagatagaaacatacttgcaacattccagctggtccgacctatactctcgccActggtctgatttctaagatg
sucAp,758586,sucA;sucB;sucC;sucD;sdhX,120,cgtaacaaagaaatgcaggaaatctttaaaaactgcccctgacactaagacagtttttaaAggttccttcgcgagccacta
fumCp2,1686709,fumC,121,cagatacaactcacacaatgcacccgctgtgtgaaataaacagagccgcccttcggggcgGtttttttacatggcacgaaa
speCp,3109175,speC,20,accagtttgacccatatctcatggggcagggttttccaccttgtccggtattcttacttcCccgaaacgggtttgcgctta
aldBp,3756535,aldB,24,gctgtcgtaaagctgttaccgactggcgaagatttcgccagtcacgtctacccttgttatAcctcacaccgcaaggagacg
ihfAp4,1795721,ihfA,169,gatattttatccgaatgtaagaaagttggcgtaaatcaggtagttggcgtaaacttatttGacgtgtaccgcggtaagggt
treAp,1247425,treA,49,tgacagttcgcagaatgagatttcgatcatgcagctagtgcgatcctgaactaaggttttCtgatacttgaataccgtttt
pfkBp1,1806351,pfkB,47,ctccaataaatcatattgttaatttcttcactttccgctgattcggtgccagactgaaatCagcctataggaggaaatgat
katEp,1813814,katE,53,aacaccgtttccagaatagtctccgaagcgggatctggctggtggtctatagttagagagTtttttgaccaaaacagcggc
crrpI,2535610,crr,224,aggcaaatggactggcatgtgtggtgagcttgctggcgatgaacgtgctacacttctgttGctggggatgggtctggacga
hmpp,2685797,hmp,38,tttctgaaaaacaccaaagaaccatttacattgcagggctattttttataagatgcatttGagatacatcaattaagatgc
speBp,3083946,speB,149,gaactgcaacaacagttccttgaagagttcgaggcaggtttgtacggttatacttatcttGaagatgagtaagtcctgtgt
yhfGp,3491648,yhfG;fic;pabA,28,caatcttgcccgcgcttctgctctcccggcgtaacccggatttgccgcttatacttgtggCaaatggacacgttcagggag
osmBp1,1343476,osmB,41,ctggttgataattaagactatttacctgttattaacactctcaagatataaaattattatCagcgatataacaggaagtca
otsBp1,1982465,otsB;otsA,55,tttcccaccatagccaaccgccataacggttggctgttcttcgttgcaaatggcgaccccCgtcacactgtctatacttac
otsAp,1981651,otsA,830,catcatggcgactggcgggtgtgccggatgtctggagctggcttgaaatgataaccaccgCattacaacaaaaaagagaaa
osmCp2,1556606,osmC,19,attcggaatatcctgcttatcctcgtgctgtttctcacgtagtctataatttcctttttaAgcccacaggagagcaacaat
yadVp2,156224,yadV;htrE,23,aattgattgaatgaatatacagggaataataatttctattttatattattccctgttttaAttaactctatcagggatggt
glgSp1,3192012,glgS,73,ttcactaaaaagtgtgatcggggacaatatatttacgcacgttatgtttaaaggcactacActgattggggaatactgaaa
glgSp2,3192002,glgS,73,agtgtgatcggggacaatatatttacgcacgttatgtttaaaggcactacactgattgggGaatactgaaatcagaaaaag
ftsQp2,102742,ftsQ,288,cagtgtgggaatgtcaaaagtagtagcagaaaatgctctacaagatgcattaagattggcAtttcagcacgatgaagaagt
proPp2,4330407,proP,95,actggtttgattgtacattccttaaccggagggtgtaagcaaacccgctacgcttgttacAgagattgcatcctgcaattc
glgCp3,3569571,glgC;glgA;glgP,243,tttggtggagaatcgctggtgggaagaaggcgacggcaatgtccgttggctaaatcgataTgctcaacctttaagcacgga
yeiLp,2255290,yeiL,65,aaagaaaattcgaccgggccgatgattgaatcttaacaacagcgtacgtatgctaaatatGagaaatctcatagcggataa
ybgAp1,738980,ybgA;phr,81,gtcctgctacaacaggattaacttcacaaatatcatttctcaacgtctacacttactcctGtaaaccgctcaggagcagta
blcp,4377745,blc,23,catcgggtccgaattttcggaccttttctccgcttttccttgctgtcatctacacttagaAaaaaaccagtaaggaaacat
cfap2,1741379,cfa,212,agactcgcggttttttctgcgagatttctcacaaagcccaaaaagcgtctacgctgttttAaggttctgatcaccgaccag
xthAp,1832399,xthA,29,atcgatcaaatcacttaacaacaggcggtaagcaacgcgaaattctgctaccatccacgcActctttatctgaataaatgg
adhEp2,1298309,adhE,292,tttgcaaaaatttgatttggatcacgtaatcagtacccagaagtgagtaatcttgcttacGccacctggaagtgacgcatt
mutSp,2857019,mutS,74,accagcatcaagaactcgccgttcgcttcttcccctgaaatgattaactccggtatcatgTgcgccttatgtgattacaac
rsdp1,4196954,rsd,146,gatcgaaatttgccgcttcgccatatggcaattctcccttcggcaaccataatttttgttCatggctgacgacccaccagc
